mutant_index,mr_id,detected_executions,total_executions,detection_rate,source_role,source_path,source_locator,source_sha256
0,MR4.1,0,10,0.0,supplied_office,实验数据origin/mYTOKEN_results.xlsx,Sheet2!N2,83b81242a968593081c0ed949dd97b732181f2e15505af0c36bd5eb082b94a3f
0,MR4.2,0,10,0.0,supplied_office,实验数据origin/mYTOKEN_results.xlsx,Sheet2!O2,83b81242a968593081c0ed949dd97b732181f2e15505af0c36bd5eb082b94a3f
0,MR6.1,6,10,0.6,supplied_office,实验数据origin/mYTOKEN_results.xlsx,Sheet2!Y2,83b81242a968593081c0ed949dd97b732181f2e15505af0c36bd5eb082b94a3f
0,MR6.5,7,10,0.7,supplied_office,实验数据origin/mYTOKEN_results.xlsx,Sheet2!AC2,83b81242a968593081c0ed949dd97b732181f2e15505af0c36bd5eb082b94a3f
1,MR4.1,0,10,0.0,supplied_office,实验数据origin/mYTOKEN_results.xlsx,Sheet2!N3,83b81242a968593081c0ed949dd97b732181f2e15505af0c36bd5eb082b94a3f
1,MR4.2,0,10,0.0,supplied_office,实验数据origin/mYTOKEN_results.xlsx,Sheet2!O3,83b81242a968593081c0ed949dd97b732181f2e15505af0c36bd5eb082b94a3f
1,MR6.1,10,10,1.0,supplied_office,实验数据origin/mYTOKEN_results.xlsx,Sheet2!Y3,83b81242a968593081c0ed949dd97b732181f2e15505af0c36bd5eb082b94a3f
1,MR6.5,0,10,0.0,supplied_office,实验数据origin/mYTOKEN_results.xlsx,Sheet2!AC3,83b81242a968593081c0ed949dd97b732181f2e15505af0c36bd5eb082b94a3f
2,MR4.1,0,10,0.0,supplied_office,实验数据origin/mYTOKEN_results.xlsx,Sheet2!N4,83b81242a968593081c0ed949dd97b732181f2e15505af0c36bd5eb082b94a3f
2,MR4.2,0,10,0.0,supplied_office,实验数据origin/mYTOKEN_results.xlsx,Sheet2!O4,83b81242a968593081c0ed949dd97b732181f2e15505af0c36bd5eb082b94a3f
2,MR6.1,7,10,0.7,supplied_office,实验数据origin/mYTOKEN_results.xlsx,Sheet2!Y4,83b81242a968593081c0ed949dd97b732181f2e15505af0c36bd5eb082b94a3f
2,MR6.5,2,10,0.2,supplied_office,实验数据origin/mYTOKEN_results.xlsx,Sheet2!AC4,83b81242a968593081c0ed949dd97b732181f2e15505af0c36bd5eb082b94a3f
3,MR4.1,0,10,0.0,supplied_office,实验数据origin/mYTOKEN_results.xlsx,Sheet2!N5,83b81242a968593081c0ed949dd97b732181f2e15505af0c36bd5eb082b94a3f
3,MR4.2,0,10,0.0,supplied_office,实验数据origin/mYTOKEN_results.xlsx,Sheet2!O5,83b81242a968593081c0ed949dd97b732181f2e15505af0c36bd5eb082b94a3f
3,MR6.1,6,10,0.6,supplied_office,实验数据origin/mYTOKEN_results.xlsx,Sheet2!Y5,83b81242a968593081c0ed949dd97b732181f2e15505af0c36bd5eb082b94a3f
3,MR6.5,3,10,0.3,supplied_office,实验数据origin/mYTOKEN_results.xlsx,Sheet2!AC5,83b81242a968593081c0ed949dd97b732181f2e15505af0c36bd5eb082b94a3f
4,MR4.1,0,10,0.0,supplied_office,实验数据origin/mYTOKEN_results.xlsx,Sheet2!N6,83b81242a968593081c0ed949dd97b732181f2e15505af0c36bd5eb082b94a3f
4,MR4.2,0,10,0.0,supplied_office,实验数据origin/mYTOKEN_results.xlsx,Sheet2!O6,83b81242a968593081c0ed949dd97b732181f2e15505af0c36bd5eb082b94a3f
4,MR6.1,9,10,0.9,supplied_office,实验数据origin/mYTOKEN_results.xlsx,Sheet2!Y6,83b81242a968593081c0ed949dd97b732181f2e15505af0c36bd5eb082b94a3f
4,MR6.5,9,10,0.9,supplied_office,实验数据origin/mYTOKEN_results.xlsx,Sheet2!AC6,83b81242a968593081c0ed949dd97b732181f2e15505af0c36bd5eb082b94a3f
5,MR4.1,0,10,0.0,supplied_office,实验数据origin/mYTOKEN_results.xlsx,Sheet2!N7,83b81242a968593081c0ed949dd97b732181f2e15505af0c36bd5eb082b94a3f
5,MR4.2,0,10,0.0,supplied_office,实验数据origin/mYTOKEN_results.xlsx,Sheet2!O7,83b81242a968593081c0ed949dd97b732181f2e15505af0c36bd5eb082b94a3f
5,MR6.1,7,10,0.7,supplied_office,实验数据origin/mYTOKEN_results.xlsx,Sheet2!Y7,83b81242a968593081c0ed949dd97b732181f2e15505af0c36bd5eb082b94a3f
5,MR6.5,2,10,0.2,supplied_office,实验数据origin/mYTOKEN_results.xlsx,Sheet2!AC7,83b81242a968593081c0ed949dd97b732181f2e15505af0c36bd5eb082b94a3f
6,MR4.1,0,10,0.0,supplied_office,实验数据origin/mYTOKEN_results.xlsx,Sheet2!N8,83b81242a968593081c0ed949dd97b732181f2e15505af0c36bd5eb082b94a3f
6,MR4.2,0,10,0.0,supplied_office,实验数据origin/mYTOKEN_results.xlsx,Sheet2!O8,83b81242a968593081c0ed949dd97b732181f2e15505af0c36bd5eb082b94a3f
6,MR6.1,5,10,0.5,supplied_office,实验数据origin/mYTOKEN_results.xlsx,Sheet2!Y8,83b81242a968593081c0ed949dd97b732181f2e15505af0c36bd5eb082b94a3f
6,MR6.5,4,10,0.4,supplied_office,实验数据origin/mYTOKEN_results.xlsx,Sheet2!AC8,83b81242a968593081c0ed949dd97b732181f2e15505af0c36bd5eb082b94a3f
7,MR4.1,0,10,0.0,supplied_office,实验数据origin/mYTOKEN_results.xlsx,Sheet2!N9,83b81242a968593081c0ed949dd97b732181f2e15505af0c36bd5eb082b94a3f
7,MR4.2,2,10,0.2,supplied_office,实验数据origin/mYTOKEN_results.xlsx,Sheet2!O9,83b81242a968593081c0ed949dd97b732181f2e15505af0c36bd5eb082b94a3f
7,MR6.1,3,10,0.3,supplied_office,实验数据origin/mYTOKEN_results.xlsx,Sheet2!Y9,83b81242a968593081c0ed949dd97b732181f2e15505af0c36bd5eb082b94a3f
7,MR6.5,2,10,0.2,supplied_office,实验数据origin/mYTOKEN_results.xlsx,Sheet2!AC9,83b81242a968593081c0ed949dd97b732181f2e15505af0c36bd5eb082b94a3f
8,MR4.1,9,10,0.9,supplied_office,实验数据origin/mYTOKEN_results.xlsx,Sheet2!N10,83b81242a968593081c0ed949dd97b732181f2e15505af0c36bd5eb082b94a3f
8,MR4.2,0,10,0.0,supplied_office,实验数据origin/mYTOKEN_results.xlsx,Sheet2!O10,83b81242a968593081c0ed949dd97b732181f2e15505af0c36bd5eb082b94a3f
8,MR6.1,2,10,0.2,supplied_office,实验数据origin/mYTOKEN_results.xlsx,Sheet2!Y10,83b81242a968593081c0ed949dd97b732181f2e15505af0c36bd5eb082b94a3f
8,MR6.5,3,10,0.3,supplied_office,实验数据origin/mYTOKEN_results.xlsx,Sheet2!AC10,83b81242a968593081c0ed949dd97b732181f2e15505af0c36bd5eb082b94a3f
9,MR4.1,0,10,0.0,supplied_office,实验数据origin/mYTOKEN_results.xlsx,Sheet2!N11,83b81242a968593081c0ed949dd97b732181f2e15505af0c36bd5eb082b94a3f
9,MR4.2,0,10,0.0,supplied_office,实验数据origin/mYTOKEN_results.xlsx,Sheet2!O11,83b81242a968593081c0ed949dd97b732181f2e15505af0c36bd5eb082b94a3f
9,MR6.1,1,10,0.1,supplied_office,实验数据origin/mYTOKEN_results.xlsx,Sheet2!Y11,83b81242a968593081c0ed949dd97b732181f2e15505af0c36bd5eb082b94a3f
9,MR6.5,7,10,0.7,supplied_office,实验数据origin/mYTOKEN_results.xlsx,Sheet2!AC11,83b81242a968593081c0ed949dd97b732181f2e15505af0c36bd5eb082b94a3f
10,MR4.1,0,10,0.0,supplied_office,实验数据origin/mYTOKEN_results.xlsx,Sheet2!N12,83b81242a968593081c0ed949dd97b732181f2e15505af0c36bd5eb082b94a3f
10,MR4.2,0,10,0.0,supplied_office,实验数据origin/mYTOKEN_results.xlsx,Sheet2!O12,83b81242a968593081c0ed949dd97b732181f2e15505af0c36bd5eb082b94a3f
10,MR6.1,4,10,0.4,supplied_office,实验数据origin/mYTOKEN_results.xlsx,Sheet2!Y12,83b81242a968593081c0ed949dd97b732181f2e15505af0c36bd5eb082b94a3f
10,MR6.5,6,10,0.6,supplied_office,实验数据origin/mYTOKEN_results.xlsx,Sheet2!AC12,83b81242a968593081c0ed949dd97b732181f2e15505af0c36bd5eb082b94a3f
11,MR4.1,0,10,0.0,supplied_office,实验数据origin/mYTOKEN_results.xlsx,Sheet2!N13,83b81242a968593081c0ed949dd97b732181f2e15505af0c36bd5eb082b94a3f
11,MR4.2,0,10,0.0,supplied_office,实验数据origin/mYTOKEN_results.xlsx,Sheet2!O13,83b81242a968593081c0ed949dd97b732181f2e15505af0c36bd5eb082b94a3f
11,MR6.1,7,10,0.7,supplied_office,实验数据origin/mYTOKEN_results.xlsx,Sheet2!Y13,83b81242a968593081c0ed949dd97b732181f2e15505af0c36bd5eb082b94a3f
11,MR6.5,7,10,0.7,supplied_office,实验数据origin/mYTOKEN_results.xlsx,Sheet2!AC13,83b81242a968593081c0ed949dd97b732181f2e15505af0c36bd5eb082b94a3f
12,MR4.1,0,10,0.0,supplied_office,实验数据origin/mYTOKEN_results.xlsx,Sheet2!N14,83b81242a968593081c0ed949dd97b732181f2e15505af0c36bd5eb082b94a3f
12,MR4.2,0,10,0.0,supplied_office,实验数据origin/mYTOKEN_results.xlsx,Sheet2!O14,83b81242a968593081c0ed949dd97b732181f2e15505af0c36bd5eb082b94a3f
12,MR6.1,5,10,0.5,supplied_office,实验数据origin/mYTOKEN_results.xlsx,Sheet2!Y14,83b81242a968593081c0ed949dd97b732181f2e15505af0c36bd5eb082b94a3f
12,MR6.5,9,10,0.9,supplied_office,实验数据origin/mYTOKEN_results.xlsx,Sheet2!AC14,83b81242a968593081c0ed949dd97b732181f2e15505af0c36bd5eb082b94a3f
13,MR4.1,0,10,0.0,supplied_office,实验数据origin/mYTOKEN_results.xlsx,Sheet2!N15,83b81242a968593081c0ed949dd97b732181f2e15505af0c36bd5eb082b94a3f
13,MR4.2,0,10,0.0,supplied_office,实验数据origin/mYTOKEN_results.xlsx,Sheet2!O15,83b81242a968593081c0ed949dd97b732181f2e15505af0c36bd5eb082b94a3f
13,MR6.1,4,10,0.4,supplied_office,实验数据origin/mYTOKEN_results.xlsx,Sheet2!Y15,83b81242a968593081c0ed949dd97b732181f2e15505af0c36bd5eb082b94a3f
13,MR6.5,0,10,0.0,supplied_office,实验数据origin/mYTOKEN_results.xlsx,Sheet2!AC15,83b81242a968593081c0ed949dd97b732181f2e15505af0c36bd5eb082b94a3f
14,MR4.1,0,10,0.0,supplied_office,实验数据origin/mYTOKEN_results.xlsx,Sheet2!N16,83b81242a968593081c0ed949dd97b732181f2e15505af0c36bd5eb082b94a3f
14,MR4.2,0,10,0.0,supplied_office,实验数据origin/mYTOKEN_results.xlsx,Sheet2!O16,83b81242a968593081c0ed949dd97b732181f2e15505af0c36bd5eb082b94a3f
14,MR6.1,1,10,0.1,supplied_office,实验数据origin/mYTOKEN_results.xlsx,Sheet2!Y16,83b81242a968593081c0ed949dd97b732181f2e15505af0c36bd5eb082b94a3f
14,MR6.5,3,10,0.3,supplied_office,实验数据origin/mYTOKEN_results.xlsx,Sheet2!AC16,83b81242a968593081c0ed949dd97b732181f2e15505af0c36bd5eb082b94a3f
15,MR4.1,4,10,0.4,supplied_office,实验数据origin/mYTOKEN_results.xlsx,Sheet2!N17,83b81242a968593081c0ed949dd97b732181f2e15505af0c36bd5eb082b94a3f
15,MR4.2,0,10,0.0,supplied_office,实验数据origin/mYTOKEN_results.xlsx,Sheet2!O17,83b81242a968593081c0ed949dd97b732181f2e15505af0c36bd5eb082b94a3f
15,MR6.1,3,10,0.3,supplied_office,实验数据origin/mYTOKEN_results.xlsx,Sheet2!Y17,83b81242a968593081c0ed949dd97b732181f2e15505af0c36bd5eb082b94a3f
15,MR6.5,6,10,0.6,supplied_office,实验数据origin/mYTOKEN_results.xlsx,Sheet2!AC17,83b81242a968593081c0ed949dd97b732181f2e15505af0c36bd5eb082b94a3f
16,MR4.1,0,10,0.0,supplied_office,实验数据origin/mYTOKEN_results.xlsx,Sheet2!N18,83b81242a968593081c0ed949dd97b732181f2e15505af0c36bd5eb082b94a3f
16,MR4.2,0,10,0.0,supplied_office,实验数据origin/mYTOKEN_results.xlsx,Sheet2!O18,83b81242a968593081c0ed949dd97b732181f2e15505af0c36bd5eb082b94a3f
16,MR6.1,2,10,0.2,supplied_office,实验数据origin/mYTOKEN_results.xlsx,Sheet2!Y18,83b81242a968593081c0ed949dd97b732181f2e15505af0c36bd5eb082b94a3f
16,MR6.5,3,10,0.3,supplied_office,实验数据origin/mYTOKEN_results.xlsx,Sheet2!AC18,83b81242a968593081c0ed949dd97b732181f2e15505af0c36bd5eb082b94a3f
17,MR4.1,0,10,0.0,supplied_office,实验数据origin/mYTOKEN_results.xlsx,Sheet2!N19,83b81242a968593081c0ed949dd97b732181f2e15505af0c36bd5eb082b94a3f
17,MR4.2,0,10,0.0,supplied_office,实验数据origin/mYTOKEN_results.xlsx,Sheet2!O19,83b81242a968593081c0ed949dd97b732181f2e15505af0c36bd5eb082b94a3f
17,MR6.1,8,10,0.8,supplied_office,实验数据origin/mYTOKEN_results.xlsx,Sheet2!Y19,83b81242a968593081c0ed949dd97b732181f2e15505af0c36bd5eb082b94a3f
17,MR6.5,9,10,0.9,supplied_office,实验数据origin/mYTOKEN_results.xlsx,Sheet2!AC19,83b81242a968593081c0ed949dd97b732181f2e15505af0c36bd5eb082b94a3f
18,MR4.1,0,10,0.0,supplied_office,实验数据origin/mYTOKEN_results.xlsx,Sheet2!N20,83b81242a968593081c0ed949dd97b732181f2e15505af0c36bd5eb082b94a3f
18,MR4.2,0,10,0.0,supplied_office,实验数据origin/mYTOKEN_results.xlsx,Sheet2!O20,83b81242a968593081c0ed949dd97b732181f2e15505af0c36bd5eb082b94a3f
18,MR6.1,6,10,0.6,supplied_office,实验数据origin/mYTOKEN_results.xlsx,Sheet2!Y20,83b81242a968593081c0ed949dd97b732181f2e15505af0c36bd5eb082b94a3f
18,MR6.5,2,10,0.2,supplied_office,实验数据origin/mYTOKEN_results.xlsx,Sheet2!AC20,83b81242a968593081c0ed949dd97b732181f2e15505af0c36bd5eb082b94a3f
19,MR4.1,0,10,0.0,supplied_office,实验数据origin/mYTOKEN_results.xlsx,Sheet2!N21,83b81242a968593081c0ed949dd97b732181f2e15505af0c36bd5eb082b94a3f
19,MR4.2,0,10,0.0,supplied_office,实验数据origin/mYTOKEN_results.xlsx,Sheet2!O21,83b81242a968593081c0ed949dd97b732181f2e15505af0c36bd5eb082b94a3f
19,MR6.1,10,10,1.0,supplied_office,实验数据origin/mYTOKEN_results.xlsx,Sheet2!Y21,83b81242a968593081c0ed949dd97b732181f2e15505af0c36bd5eb082b94a3f
19,MR6.5,8,10,0.8,supplied_office,实验数据origin/mYTOKEN_results.xlsx,Sheet2!AC21,83b81242a968593081c0ed949dd97b732181f2e15505af0c36bd5eb082b94a3f
20,MR4.1,0,10,0.0,supplied_office,实验数据origin/mYTOKEN_results.xlsx,Sheet2!N22,83b81242a968593081c0ed949dd97b732181f2e15505af0c36bd5eb082b94a3f
20,MR4.2,0,10,0.0,supplied_office,实验数据origin/mYTOKEN_results.xlsx,Sheet2!O22,83b81242a968593081c0ed949dd97b732181f2e15505af0c36bd5eb082b94a3f
20,MR6.1,4,10,0.4,supplied_office,实验数据origin/mYTOKEN_results.xlsx,Sheet2!Y22,83b81242a968593081c0ed949dd97b732181f2e15505af0c36bd5eb082b94a3f
20,MR6.5,6,10,0.6,supplied_office,实验数据origin/mYTOKEN_results.xlsx,Sheet2!AC22,83b81242a968593081c0ed949dd97b732181f2e15505af0c36bd5eb082b94a3f
21,MR4.1,0,10,0.0,supplied_office,实验数据origin/mYTOKEN_results.xlsx,Sheet2!N23,83b81242a968593081c0ed949dd97b732181f2e15505af0c36bd5eb082b94a3f
21,MR4.2,0,10,0.0,supplied_office,实验数据origin/mYTOKEN_results.xlsx,Sheet2!O23,83b81242a968593081c0ed949dd97b732181f2e15505af0c36bd5eb082b94a3f
21,MR6.1,8,10,0.8,supplied_office,实验数据origin/mYTOKEN_results.xlsx,Sheet2!Y23,83b81242a968593081c0ed949dd97b732181f2e15505af0c36bd5eb082b94a3f
21,MR6.5,1,10,0.1,supplied_office,实验数据origin/mYTOKEN_results.xlsx,Sheet2!AC23,83b81242a968593081c0ed949dd97b732181f2e15505af0c36bd5eb082b94a3f
22,MR4.1,0,10,0.0,supplied_office,实验数据origin/mYTOKEN_results.xlsx,Sheet2!N24,83b81242a968593081c0ed949dd97b732181f2e15505af0c36bd5eb082b94a3f
22,MR4.2,0,10,0.0,supplied_office,实验数据origin/mYTOKEN_results.xlsx,Sheet2!O24,83b81242a968593081c0ed949dd97b732181f2e15505af0c36bd5eb082b94a3f
22,MR6.1,8,10,0.8,supplied_office,实验数据origin/mYTOKEN_results.xlsx,Sheet2!Y24,83b81242a968593081c0ed949dd97b732181f2e15505af0c36bd5eb082b94a3f
22,MR6.5,9,10,0.9,supplied_office,实验数据origin/mYTOKEN_results.xlsx,Sheet2!AC24,83b81242a968593081c0ed949dd97b732181f2e15505af0c36bd5eb082b94a3f
23,MR4.1,7,10,0.7,supplied_office,实验数据origin/mYTOKEN_results.xlsx,Sheet2!N25,83b81242a968593081c0ed949dd97b732181f2e15505af0c36bd5eb082b94a3f
23,MR4.2,0,10,0.0,supplied_office,实验数据origin/mYTOKEN_results.xlsx,Sheet2!O25,83b81242a968593081c0ed949dd97b732181f2e15505af0c36bd5eb082b94a3f
23,MR6.1,9,10,0.9,supplied_office,实验数据origin/mYTOKEN_results.xlsx,Sheet2!Y25,83b81242a968593081c0ed949dd97b732181f2e15505af0c36bd5eb082b94a3f
23,MR6.5,10,10,1.0,supplied_office,实验数据origin/mYTOKEN_results.xlsx,Sheet2!AC25,83b81242a968593081c0ed949dd97b732181f2e15505af0c36bd5eb082b94a3f
24,MR4.1,0,10,0.0,supplied_office,实验数据origin/mYTOKEN_results.xlsx,Sheet2!N26,83b81242a968593081c0ed949dd97b732181f2e15505af0c36bd5eb082b94a3f
24,MR4.2,2,10,0.2,supplied_office,实验数据origin/mYTOKEN_results.xlsx,Sheet2!O26,83b81242a968593081c0ed949dd97b732181f2e15505af0c36bd5eb082b94a3f
24,MR6.1,1,10,0.1,supplied_office,实验数据origin/mYTOKEN_results.xlsx,Sheet2!Y26,83b81242a968593081c0ed949dd97b732181f2e15505af0c36bd5eb082b94a3f
24,MR6.5,6,10,0.6,supplied_office,实验数据origin/mYTOKEN_results.xlsx,Sheet2!AC26,83b81242a968593081c0ed949dd97b732181f2e15505af0c36bd5eb082b94a3f
25,MR4.1,8,10,0.8,supplied_office,实验数据origin/mYTOKEN_results.xlsx,Sheet2!N27,83b81242a968593081c0ed949dd97b732181f2e15505af0c36bd5eb082b94a3f
25,MR4.2,0,10,0.0,supplied_office,实验数据origin/mYTOKEN_results.xlsx,Sheet2!O27,83b81242a968593081c0ed949dd97b732181f2e15505af0c36bd5eb082b94a3f
25,MR6.1,4,10,0.4,supplied_office,实验数据origin/mYTOKEN_results.xlsx,Sheet2!Y27,83b81242a968593081c0ed949dd97b732181f2e15505af0c36bd5eb082b94a3f
25,MR6.5,0,10,0.0,supplied_office,实验数据origin/mYTOKEN_results.xlsx,Sheet2!AC27,83b81242a968593081c0ed949dd97b732181f2e15505af0c36bd5eb082b94a3f
26,MR4.1,0,10,0.0,supplied_office,实验数据origin/mYTOKEN_results.xlsx,Sheet2!N28,83b81242a968593081c0ed949dd97b732181f2e15505af0c36bd5eb082b94a3f
26,MR4.2,0,10,0.0,supplied_office,实验数据origin/mYTOKEN_results.xlsx,Sheet2!O28,83b81242a968593081c0ed949dd97b732181f2e15505af0c36bd5eb082b94a3f
26,MR6.1,2,10,0.2,supplied_office,实验数据origin/mYTOKEN_results.xlsx,Sheet2!Y28,83b81242a968593081c0ed949dd97b732181f2e15505af0c36bd5eb082b94a3f
26,MR6.5,3,10,0.3,supplied_office,实验数据origin/mYTOKEN_results.xlsx,Sheet2!AC28,83b81242a968593081c0ed949dd97b732181f2e15505af0c36bd5eb082b94a3f
27,MR4.1,0,10,0.0,supplied_office,实验数据origin/mYTOKEN_results.xlsx,Sheet2!N29,83b81242a968593081c0ed949dd97b732181f2e15505af0c36bd5eb082b94a3f
27,MR4.2,0,10,0.0,supplied_office,实验数据origin/mYTOKEN_results.xlsx,Sheet2!O29,83b81242a968593081c0ed949dd97b732181f2e15505af0c36bd5eb082b94a3f
27,MR6.1,4,10,0.4,supplied_office,实验数据origin/mYTOKEN_results.xlsx,Sheet2!Y29,83b81242a968593081c0ed949dd97b732181f2e15505af0c36bd5eb082b94a3f
27,MR6.5,8,10,0.8,supplied_office,实验数据origin/mYTOKEN_results.xlsx,Sheet2!AC29,83b81242a968593081c0ed949dd97b732181f2e15505af0c36bd5eb082b94a3f
28,MR4.1,0,10,0.0,supplied_office,实验数据origin/mYTOKEN_results.xlsx,Sheet2!N30,83b81242a968593081c0ed949dd97b732181f2e15505af0c36bd5eb082b94a3f
28,MR4.2,0,10,0.0,supplied_office,实验数据origin/mYTOKEN_results.xlsx,Sheet2!O30,83b81242a968593081c0ed949dd97b732181f2e15505af0c36bd5eb082b94a3f
28,MR6.1,8,10,0.8,supplied_office,实验数据origin/mYTOKEN_results.xlsx,Sheet2!Y30,83b81242a968593081c0ed949dd97b732181f2e15505af0c36bd5eb082b94a3f
28,MR6.5,9,10,0.9,supplied_office,实验数据origin/mYTOKEN_results.xlsx,Sheet2!AC30,83b81242a968593081c0ed949dd97b732181f2e15505af0c36bd5eb082b94a3f
29,MR4.1,0,10,0.0,supplied_office,实验数据origin/mYTOKEN_results.xlsx,Sheet2!N31,83b81242a968593081c0ed949dd97b732181f2e15505af0c36bd5eb082b94a3f
29,MR4.2,0,10,0.0,supplied_office,实验数据origin/mYTOKEN_results.xlsx,Sheet2!O31,83b81242a968593081c0ed949dd97b732181f2e15505af0c36bd5eb082b94a3f
29,MR6.1,6,10,0.6,supplied_office,实验数据origin/mYTOKEN_results.xlsx,Sheet2!Y31,83b81242a968593081c0ed949dd97b732181f2e15505af0c36bd5eb082b94a3f
29,MR6.5,1,10,0.1,supplied_office,实验数据origin/mYTOKEN_results.xlsx,Sheet2!AC31,83b81242a968593081c0ed949dd97b732181f2e15505af0c36bd5eb082b94a3f
30,MR4.1,0,10,0.0,supplied_office,实验数据origin/mYTOKEN_results.xlsx,Sheet2!N32,83b81242a968593081c0ed949dd97b732181f2e15505af0c36bd5eb082b94a3f
30,MR4.2,0,10,0.0,supplied_office,实验数据origin/mYTOKEN_results.xlsx,Sheet2!O32,83b81242a968593081c0ed949dd97b732181f2e15505af0c36bd5eb082b94a3f
30,MR6.1,9,10,0.9,supplied_office,实验数据origin/mYTOKEN_results.xlsx,Sheet2!Y32,83b81242a968593081c0ed949dd97b732181f2e15505af0c36bd5eb082b94a3f
30,MR6.5,8,10,0.8,supplied_office,实验数据origin/mYTOKEN_results.xlsx,Sheet2!AC32,83b81242a968593081c0ed949dd97b732181f2e15505af0c36bd5eb082b94a3f
31,MR4.1,0,10,0.0,supplied_office,实验数据origin/mYTOKEN_results.xlsx,Sheet2!N33,83b81242a968593081c0ed949dd97b732181f2e15505af0c36bd5eb082b94a3f
31,MR4.2,3,10,0.3,supplied_office,实验数据origin/mYTOKEN_results.xlsx,Sheet2!O33,83b81242a968593081c0ed949dd97b732181f2e15505af0c36bd5eb082b94a3f
31,MR6.1,1,10,0.1,supplied_office,实验数据origin/mYTOKEN_results.xlsx,Sheet2!Y33,83b81242a968593081c0ed949dd97b732181f2e15505af0c36bd5eb082b94a3f
31,MR6.5,4,10,0.4,supplied_office,实验数据origin/mYTOKEN_results.xlsx,Sheet2!AC33,83b81242a968593081c0ed949dd97b732181f2e15505af0c36bd5eb082b94a3f
32,MR4.1,0,10,0.0,supplied_office,实验数据origin/mYTOKEN_results.xlsx,Sheet2!N34,83b81242a968593081c0ed949dd97b732181f2e15505af0c36bd5eb082b94a3f
32,MR4.2,0,10,0.0,supplied_office,实验数据origin/mYTOKEN_results.xlsx,Sheet2!O34,83b81242a968593081c0ed949dd97b732181f2e15505af0c36bd5eb082b94a3f
32,MR6.1,7,10,0.7,supplied_office,实验数据origin/mYTOKEN_results.xlsx,Sheet2!Y34,83b81242a968593081c0ed949dd97b732181f2e15505af0c36bd5eb082b94a3f
32,MR6.5,6,10,0.6,supplied_office,实验数据origin/mYTOKEN_results.xlsx,Sheet2!AC34,83b81242a968593081c0ed949dd97b732181f2e15505af0c36bd5eb082b94a3f
33,MR4.1,5,10,0.5,supplied_office,实验数据origin/mYTOKEN_results.xlsx,Sheet2!N35,83b81242a968593081c0ed949dd97b732181f2e15505af0c36bd5eb082b94a3f
33,MR4.2,4,10,0.4,supplied_office,实验数据origin/mYTOKEN_results.xlsx,Sheet2!O35,83b81242a968593081c0ed949dd97b732181f2e15505af0c36bd5eb082b94a3f
33,MR6.1,10,10,1.0,supplied_office,实验数据origin/mYTOKEN_results.xlsx,Sheet2!Y35,83b81242a968593081c0ed949dd97b732181f2e15505af0c36bd5eb082b94a3f
33,MR6.5,1,10,0.1,supplied_office,实验数据origin/mYTOKEN_results.xlsx,Sheet2!AC35,83b81242a968593081c0ed949dd97b732181f2e15505af0c36bd5eb082b94a3f
34,MR4.1,4,10,0.4,supplied_office,实验数据origin/mYTOKEN_results.xlsx,Sheet2!N36,83b81242a968593081c0ed949dd97b732181f2e15505af0c36bd5eb082b94a3f
34,MR4.2,0,10,0.0,supplied_office,实验数据origin/mYTOKEN_results.xlsx,Sheet2!O36,83b81242a968593081c0ed949dd97b732181f2e15505af0c36bd5eb082b94a3f
34,MR6.1,4,10,0.4,supplied_office,实验数据origin/mYTOKEN_results.xlsx,Sheet2!Y36,83b81242a968593081c0ed949dd97b732181f2e15505af0c36bd5eb082b94a3f
34,MR6.5,1,10,0.1,supplied_office,实验数据origin/mYTOKEN_results.xlsx,Sheet2!AC36,83b81242a968593081c0ed949dd97b732181f2e15505af0c36bd5eb082b94a3f
35,MR4.1,0,10,0.0,supplied_office,实验数据origin/mYTOKEN_results.xlsx,Sheet2!N37,83b81242a968593081c0ed949dd97b732181f2e15505af0c36bd5eb082b94a3f
35,MR4.2,1,10,0.1,supplied_office,实验数据origin/mYTOKEN_results.xlsx,Sheet2!O37,83b81242a968593081c0ed949dd97b732181f2e15505af0c36bd5eb082b94a3f
35,MR6.1,4,10,0.4,supplied_office,实验数据origin/mYTOKEN_results.xlsx,Sheet2!Y37,83b81242a968593081c0ed949dd97b732181f2e15505af0c36bd5eb082b94a3f
35,MR6.5,1,10,0.1,supplied_office,实验数据origin/mYTOKEN_results.xlsx,Sheet2!AC37,83b81242a968593081c0ed949dd97b732181f2e15505af0c36bd5eb082b94a3f
36,MR4.1,0,10,0.0,supplied_office,实验数据origin/mYTOKEN_results.xlsx,Sheet2!N38,83b81242a968593081c0ed949dd97b732181f2e15505af0c36bd5eb082b94a3f
36,MR4.2,5,10,0.5,supplied_office,实验数据origin/mYTOKEN_results.xlsx,Sheet2!O38,83b81242a968593081c0ed949dd97b732181f2e15505af0c36bd5eb082b94a3f
36,MR6.1,10,10,1.0,supplied_office,实验数据origin/mYTOKEN_results.xlsx,Sheet2!Y38,83b81242a968593081c0ed949dd97b732181f2e15505af0c36bd5eb082b94a3f
36,MR6.5,9,10,0.9,supplied_office,实验数据origin/mYTOKEN_results.xlsx,Sheet2!AC38,83b81242a968593081c0ed949dd97b732181f2e15505af0c36bd5eb082b94a3f
37,MR4.1,0,10,0.0,supplied_office,实验数据origin/mYTOKEN_results.xlsx,Sheet2!N39,83b81242a968593081c0ed949dd97b732181f2e15505af0c36bd5eb082b94a3f
37,MR4.2,0,10,0.0,supplied_office,实验数据origin/mYTOKEN_results.xlsx,Sheet2!O39,83b81242a968593081c0ed949dd97b732181f2e15505af0c36bd5eb082b94a3f
37,MR6.1,8,10,0.8,supplied_office,实验数据origin/mYTOKEN_results.xlsx,Sheet2!Y39,83b81242a968593081c0ed949dd97b732181f2e15505af0c36bd5eb082b94a3f
37,MR6.5,3,10,0.3,supplied_office,实验数据origin/mYTOKEN_results.xlsx,Sheet2!AC39,83b81242a968593081c0ed949dd97b732181f2e15505af0c36bd5eb082b94a3f
38,MR4.1,0,10,0.0,supplied_office,实验数据origin/mYTOKEN_results.xlsx,Sheet2!N40,83b81242a968593081c0ed949dd97b732181f2e15505af0c36bd5eb082b94a3f
38,MR4.2,0,10,0.0,supplied_office,实验数据origin/mYTOKEN_results.xlsx,Sheet2!O40,83b81242a968593081c0ed949dd97b732181f2e15505af0c36bd5eb082b94a3f
38,MR6.1,8,10,0.8,supplied_office,实验数据origin/mYTOKEN_results.xlsx,Sheet2!Y40,83b81242a968593081c0ed949dd97b732181f2e15505af0c36bd5eb082b94a3f
38,MR6.5,9,10,0.9,supplied_office,实验数据origin/mYTOKEN_results.xlsx,Sheet2!AC40,83b81242a968593081c0ed949dd97b732181f2e15505af0c36bd5eb082b94a3f
39,MR4.1,5,10,0.5,supplied_office,实验数据origin/mYTOKEN_results.xlsx,Sheet2!N41,83b81242a968593081c0ed949dd97b732181f2e15505af0c36bd5eb082b94a3f
39,MR4.2,0,10,0.0,supplied_office,实验数据origin/mYTOKEN_results.xlsx,Sheet2!O41,83b81242a968593081c0ed949dd97b732181f2e15505af0c36bd5eb082b94a3f
39,MR6.1,2,10,0.2,supplied_office,实验数据origin/mYTOKEN_results.xlsx,Sheet2!Y41,83b81242a968593081c0ed949dd97b732181f2e15505af0c36bd5eb082b94a3f
39,MR6.5,3,10,0.3,supplied_office,实验数据origin/mYTOKEN_results.xlsx,Sheet2!AC41,83b81242a968593081c0ed949dd97b732181f2e15505af0c36bd5eb082b94a3f
40,MR4.1,0,10,0.0,supplied_office,实验数据origin/mYTOKEN_results.xlsx,Sheet2!N42,83b81242a968593081c0ed949dd97b732181f2e15505af0c36bd5eb082b94a3f
40,MR4.2,3,10,0.3,supplied_office,实验数据origin/mYTOKEN_results.xlsx,Sheet2!O42,83b81242a968593081c0ed949dd97b732181f2e15505af0c36bd5eb082b94a3f
40,MR6.1,6,10,0.6,supplied_office,实验数据origin/mYTOKEN_results.xlsx,Sheet2!Y42,83b81242a968593081c0ed949dd97b732181f2e15505af0c36bd5eb082b94a3f
40,MR6.5,4,10,0.4,supplied_office,实验数据origin/mYTOKEN_results.xlsx,Sheet2!AC42,83b81242a968593081c0ed949dd97b732181f2e15505af0c36bd5eb082b94a3f
41,MR4.1,0,10,0.0,supplied_office,实验数据origin/mYTOKEN_results.xlsx,Sheet2!N43,83b81242a968593081c0ed949dd97b732181f2e15505af0c36bd5eb082b94a3f
41,MR4.2,0,10,0.0,supplied_office,实验数据origin/mYTOKEN_results.xlsx,Sheet2!O43,83b81242a968593081c0ed949dd97b732181f2e15505af0c36bd5eb082b94a3f
41,MR6.1,5,10,0.5,supplied_office,实验数据origin/mYTOKEN_results.xlsx,Sheet2!Y43,83b81242a968593081c0ed949dd97b732181f2e15505af0c36bd5eb082b94a3f
41,MR6.5,3,10,0.3,supplied_office,实验数据origin/mYTOKEN_results.xlsx,Sheet2!AC43,83b81242a968593081c0ed949dd97b732181f2e15505af0c36bd5eb082b94a3f
42,MR4.1,2,10,0.2,supplied_office,实验数据origin/mYTOKEN_results.xlsx,Sheet2!N44,83b81242a968593081c0ed949dd97b732181f2e15505af0c36bd5eb082b94a3f
42,MR4.2,0,10,0.0,supplied_office,实验数据origin/mYTOKEN_results.xlsx,Sheet2!O44,83b81242a968593081c0ed949dd97b732181f2e15505af0c36bd5eb082b94a3f
42,MR6.1,3,10,0.3,supplied_office,实验数据origin/mYTOKEN_results.xlsx,Sheet2!Y44,83b81242a968593081c0ed949dd97b732181f2e15505af0c36bd5eb082b94a3f
42,MR6.5,0,10,0.0,supplied_office,实验数据origin/mYTOKEN_results.xlsx,Sheet2!AC44,83b81242a968593081c0ed949dd97b732181f2e15505af0c36bd5eb082b94a3f
43,MR4.1,0,10,0.0,supplied_office,实验数据origin/mYTOKEN_results.xlsx,Sheet2!N45,83b81242a968593081c0ed949dd97b732181f2e15505af0c36bd5eb082b94a3f
43,MR4.2,0,10,0.0,supplied_office,实验数据origin/mYTOKEN_results.xlsx,Sheet2!O45,83b81242a968593081c0ed949dd97b732181f2e15505af0c36bd5eb082b94a3f
43,MR6.1,2,10,0.2,supplied_office,实验数据origin/mYTOKEN_results.xlsx,Sheet2!Y45,83b81242a968593081c0ed949dd97b732181f2e15505af0c36bd5eb082b94a3f
43,MR6.5,6,10,0.6,supplied_office,实验数据origin/mYTOKEN_results.xlsx,Sheet2!AC45,83b81242a968593081c0ed949dd97b732181f2e15505af0c36bd5eb082b94a3f
44,MR4.1,0,10,0.0,supplied_office,实验数据origin/mYTOKEN_results.xlsx,Sheet2!N46,83b81242a968593081c0ed949dd97b732181f2e15505af0c36bd5eb082b94a3f
44,MR4.2,0,10,0.0,supplied_office,实验数据origin/mYTOKEN_results.xlsx,Sheet2!O46,83b81242a968593081c0ed949dd97b732181f2e15505af0c36bd5eb082b94a3f
44,MR6.1,3,10,0.3,supplied_office,实验数据origin/mYTOKEN_results.xlsx,Sheet2!Y46,83b81242a968593081c0ed949dd97b732181f2e15505af0c36bd5eb082b94a3f
44,MR6.5,8,10,0.8,supplied_office,实验数据origin/mYTOKEN_results.xlsx,Sheet2!AC46,83b81242a968593081c0ed949dd97b732181f2e15505af0c36bd5eb082b94a3f
45,MR4.1,0,10,0.0,supplied_office,实验数据origin/mYTOKEN_results.xlsx,Sheet2!N47,83b81242a968593081c0ed949dd97b732181f2e15505af0c36bd5eb082b94a3f
45,MR4.2,0,10,0.0,supplied_office,实验数据origin/mYTOKEN_results.xlsx,Sheet2!O47,83b81242a968593081c0ed949dd97b732181f2e15505af0c36bd5eb082b94a3f
45,MR6.1,8,10,0.8,supplied_office,实验数据origin/mYTOKEN_results.xlsx,Sheet2!Y47,83b81242a968593081c0ed949dd97b732181f2e15505af0c36bd5eb082b94a3f
45,MR6.5,10,10,1.0,supplied_office,实验数据origin/mYTOKEN_results.xlsx,Sheet2!AC47,83b81242a968593081c0ed949dd97b732181f2e15505af0c36bd5eb082b94a3f
46,MR4.1,0,10,0.0,supplied_office,实验数据origin/mYTOKEN_results.xlsx,Sheet2!N48,83b81242a968593081c0ed949dd97b732181f2e15505af0c36bd5eb082b94a3f
46,MR4.2,0,10,0.0,supplied_office,实验数据origin/mYTOKEN_results.xlsx,Sheet2!O48,83b81242a968593081c0ed949dd97b732181f2e15505af0c36bd5eb082b94a3f
46,MR6.1,7,10,0.7,supplied_office,实验数据origin/mYTOKEN_results.xlsx,Sheet2!Y48,83b81242a968593081c0ed949dd97b732181f2e15505af0c36bd5eb082b94a3f
46,MR6.5,8,10,0.8,supplied_office,实验数据origin/mYTOKEN_results.xlsx,Sheet2!AC48,83b81242a968593081c0ed949dd97b732181f2e15505af0c36bd5eb082b94a3f
47,MR4.1,8,10,0.8,supplied_office,实验数据origin/mYTOKEN_results.xlsx,Sheet2!N49,83b81242a968593081c0ed949dd97b732181f2e15505af0c36bd5eb082b94a3f
47,MR4.2,0,10,0.0,supplied_office,实验数据origin/mYTOKEN_results.xlsx,Sheet2!O49,83b81242a968593081c0ed949dd97b732181f2e15505af0c36bd5eb082b94a3f
47,MR6.1,10,10,1.0,supplied_office,实验数据origin/mYTOKEN_results.xlsx,Sheet2!Y49,83b81242a968593081c0ed949dd97b732181f2e15505af0c36bd5eb082b94a3f
47,MR6.5,4,10,0.4,supplied_office,实验数据origin/mYTOKEN_results.xlsx,Sheet2!AC49,83b81242a968593081c0ed949dd97b732181f2e15505af0c36bd5eb082b94a3f
48,MR4.1,0,10,0.0,supplied_office,实验数据origin/mYTOKEN_results.xlsx,Sheet2!N50,83b81242a968593081c0ed949dd97b732181f2e15505af0c36bd5eb082b94a3f
48,MR4.2,0,10,0.0,supplied_office,实验数据origin/mYTOKEN_results.xlsx,Sheet2!O50,83b81242a968593081c0ed949dd97b732181f2e15505af0c36bd5eb082b94a3f
48,MR6.1,10,10,1.0,supplied_office,实验数据origin/mYTOKEN_results.xlsx,Sheet2!Y50,83b81242a968593081c0ed949dd97b732181f2e15505af0c36bd5eb082b94a3f
48,MR6.5,9,10,0.9,supplied_office,实验数据origin/mYTOKEN_results.xlsx,Sheet2!AC50,83b81242a968593081c0ed949dd97b732181f2e15505af0c36bd5eb082b94a3f
